{
  "question_id": "Q1.3",
  "cases": [
    {
      "spec": {
        "name": "layer_2x2x1",
        "shape": [
          2,
          2,
          1
        ],
        "boundary_conditions": [
          "free",
          "free",
          "free"
        ],
        "n_sites": 4
      },
      "num_edges": 4,
      "K_values": [
        -1.2,
        -0.6,
        -0.2,
        0.0,
        0.4,
        0.8,
        1.2
      ],
      "correlator": {
        "-1.2": -0.9528189827676099,
        "-0.6": -0.6388060025401029,
        "-0.2": -0.2047537296079149,
        "0.0": 0.0,
        "0.4": 0.42592256131239886,
        "0.8": 0.8010837587207202,
        "1.2": 0.9528189827676099
      }
    },
    {
      "spec": {
        "name": "cube_2x2x2",
        "shape": [
          2,
          2,
          2
        ],
        "boundary_conditions": [
          "free",
          "free",
          "free"
        ],
        "n_sites": 8
      },
      "num_edges": 12,
      "K_values": [
        -1.2,
        -0.6,
        -0.2,
        0.0,
        0.4,
        0.8,
        1.2
      ],
      "correlator": {
        "-1.2": -0.9962211743523165,
        "-0.6": -0.8093881295237114,
        "-0.2": -0.21435382253121885,
        "0.0": 0.0,
        "0.4": 0.5107233638338433,
        "0.8": 0.9465603849567036,
        "1.2": 0.9962211743523188
      }
    }
  ]
}
