{
  "prefix_length": 5,
  "total_sequences": 7776,
  "unique_states": 226,
  "reduction_ratio": 0.029063786008230452,
  "avg_sequences_per_state": 34.4070796460177,
  "orbit_histogram": {
    "6": 12,
    "24": 105,
    "48": 106,
    "12": 2,
    "72": 1
  },
  "endpoint_dispersion": {
    "(5, 0, 0)": 1,
    "(3, 0, 0)": 10,
    "(4, 1, 0)": 4,
    "(1, 0, 0)": 19,
    "(2, 1, 0)": 24,
    "(3, 2, 0)": 6,
    "(3, 1, 1)": 6,
    "(-1, 0, 0)": 9,
    "(0, 1, 0)": 22,
    "(1, 2, 0)": 18,
    "(1, 1, 1)": 20,
    "(2, 3, 0)": 4,
    "(2, 2, 1)": 8,
    "(2, -1, 0)": 4,
    "(2, 0, 1)": 8,
    "(2, 1, 2)": 4,
    "(-3, 0, 0)": 1,
    "(-2, 1, 0)": 4,
    "(-1, 2, 0)": 6,
    "(-1, 1, 1)": 6,
    "(0, 3, 0)": 4,
    "(0, 2, 1)": 8,
    "(0, 0, 1)": 8,
    "(0, 1, 2)": 4,
    "(1, 4, 0)": 1,
    "(1, 3, 1)": 3,
    "(1, 2, 2)": 3,
    "(0, -1, 0)": 2,
    "(1, -2, 0)": 1,
    "(1, -1, 1)": 3,
    "(1, 0, 2)": 3,
    "(1, 1, 3)": 1,
    "(1, 1, -1)": 1
  },
  "top_endpoint_counts": [
    [
      24,
      "(2, 1, 0)"
    ],
    [
      22,
      "(0, 1, 0)"
    ],
    [
      20,
      "(1, 1, 1)"
    ],
    [
      19,
      "(1, 0, 0)"
    ],
    [
      18,
      "(1, 2, 0)"
    ],
    [
      10,
      "(3, 0, 0)"
    ],
    [
      9,
      "(-1, 0, 0)"
    ],
    [
      8,
      "(2, 2, 1)"
    ],
    [
      8,
      "(2, 0, 1)"
    ],
    [
      8,
      "(0, 2, 1)"
    ]
  ],
  "coverage_check": true
}
