{
  "prefix_length": 6,
  "total_sequences": 46656,
  "unique_states": 1149,
  "reduction_ratio": 0.024627057613168725,
  "avg_sequences_per_state": 40.60574412532637,
  "orbit_histogram": {
    "6": 19,
    "12": 5,
    "18": 1,
    "24": 380,
    "48": 709,
    "72": 6,
    "96": 27,
    "144": 2
  },
  "top_endpoint_counts": [
    [
      86,
      [
        1,
        1,
        0
      ]
    ],
    [
      70,
      [
        2,
        1,
        1
      ]
    ],
    [
      66,
      [
        0,
        1,
        1
      ]
    ],
    [
      60,
      [
        2,
        0,
        0
      ]
    ],
    [
      60,
      [
        2,
        2,
        0
      ]
    ],
    [
      60,
      [
        1,
        2,
        1
      ]
    ],
    [
      58,
      [
        0,
        2,
        0
      ]
    ],
    [
      54,
      [
        1,
        0,
        1
      ]
    ],
    [
      50,
      [
        3,
        1,
        0
      ]
    ],
    [
      46,
      [
        -1,
        1,
        0
      ]
    ],
    [
      40,
      [
        0,
        0,
        0
      ]
    ],
    [
      35,
      [
        1,
        1,
        2
      ]
    ],
    [
      30,
      [
        1,
        3,
        0
      ]
    ],
    [
      23,
      [
        1,
        -1,
        0
      ]
    ],
    [
      20,
      [
        3,
        2,
        1
      ]
    ]
  ],
  "coverage_check": true
}
